{
  "data": [
    {
      "name": "Manu",
      "age": "28",
      "gender": "M",
      "phoneNumber": "9999999999",
      "sumInsured": "100000"
    },
    {
      "name": "Akhil",
      "age": "28",
      "gender": "M",
      "phoneNumber": "8888888888",
      "sumInsured": "100000"
    },
    {
      "name": "Mani",
      "age": "28",
      "gender": "M",
      "phoneNumber": "7777777777",
      "sumInsured": "100000"
    },
    {
      "name": "BatGirl",
      "age": "22",
      "gender": "333423424",
      "phoneNumber": "6666666666",
      "sumInsured": "100000"
    }
  ]
}